{"cameraMode":{"drawMode":0,"name":"Shaded","section":"Shading Mode"},"sceneLighting":true,"audioPlay":false,"sceneViewState":{"showFog":true,"showMaterialUpdate":false,"showSkybox":true,"showFlares":true,"showImageEffects":true,"showParticleSystems":true},"in2DMode":false,"pivot":{"x":-1.491605520248413,"y":0.40347570180892947,"z":0.0259321928024292},"rotation":{"x":0.06777960062026978,"y":-0.8942988514900208,"z":0.14506447315216065,"w":0.4178619086742401},"size":1.1164555549621583,"orthographic":false}