{"cameraMode":{"drawMode":0,"name":"Shaded","section":"Shading Mode"},"sceneLighting":false,"audioPlay":false,"sceneViewState":{"showFog":true,"showMaterialUpdate":false,"showSkybox":false,"showFlares":true,"showImageEffects":true,"showParticleSystems":true},"in2DMode":false,"pivot":{"x":0.617440938949585,"y":-0.010385154746472836,"z":-1.2461588382720948},"rotation":{"x":0.06777960062026978,"y":-0.8942988514900208,"z":0.14506447315216065,"w":0.4178619086742401},"size":0.14956556260585786,"orthographic":false}