{"cameraMode":{"drawMode":0,"name":"Shaded","section":"Shading Mode"},"sceneLighting":true,"audioPlay":false,"sceneViewState":{"showFog":true,"showMaterialUpdate":false,"showSkybox":true,"showFlares":true,"showImageEffects":true,"showParticleSystems":true},"in2DMode":false,"pivot":{"x":0.6949968338012695,"y":0.026411056518554689,"z":-1.2949271202087403},"rotation":{"x":0.039620932191610339,"y":-0.9601388573646545,"z":0.20646317303180695,"w":0.1842624396085739},"size":2.093907117843628,"orthographic":false}